epoch,train_loss,val_loss
1,90.96196169444492,93.0563121287028
2,74.03927051271711,87.16407356262206
3,67.14065435954502,96.2964986928304
4,61.583380554744174,72.91658955891927
5,57.62274022783552,67.23034845987955
6,52.533409600939066,65.85674112955729
7,49.62860080718994,71.0549068959554
8,45.559543969290594,56.81490016301473
9,43.60522084372384,69.64282878875733
10,40.03521695137024,57.92057646433512
11,40.37821507862636,57.72732042948405
12,35.60021638597761,53.546360155741375
